Date,MANITOBA  Rt,MANITOBA Low,MANITOBA  High,WINNIPEG  Rt,WINNIPEG Low,WINNIPEG  High
2020-03-17,3.549344979,2.028757331,5.488223227,3.155395314,1.680115112,5.087852864
2020-03-18,2.714611378,1.608850745,4.104891574,2.597236554,1.453653584,4.067206842
2020-03-19,1.808155469,1.053317193,2.763605836,1.763618407,0.964186594,2.800423959
2020-03-20,1.214881453,0.664186995,1.92909255,1.143281585,0.570722048,1.911395946
2020-03-21,1.283011019,0.733351654,1.983873339,1.267798477,0.675049294,2.044235815
2020-03-22,0.997808676,0.531291096,1.608896263,1.038992874,0.518661499,1.737040807
2020-03-23,0.980791773,0.522230312,1.581457706,1.018591029,0.508476971,1.70293197
2020-03-24,0.538160664,0.216368498,1.004013602,0.655494978,0.263542978,1.222917092
2020-03-25,1.590536571,0.957606917,2.38143174,1.599488573,0.914245921,2.473231086
2020-03-26,1.649973539,1.007846703,2.447806164,1.652142759,0.96243404,2.525154196
2020-03-27,1.640154611,1.039717329,2.375247974,1.517185037,0.899180007,2.29420687
2020-03-28,2.878707662,2.107575813,3.768199573,3.085357177,2.214105579,4.098908069
2020-03-29,2.551644266,1.916873705,3.275805866,2.525665495,1.842237743,3.31524164
2020-03-30,2.63755197,2.081514768,3.258415706,2.501017625,1.917515872,3.160844644
2020-03-31,2.104295633,1.676059726,2.580516018,2.039189295,1.580343695,2.555627146
2020-04-01,1.83000119,1.477047143,2.220201384,1.822675643,1.436061099,2.254677338
2020-04-02,2.153851627,1.802109845,2.536486026,2.037804636,1.661586147,2.4518417
2020-04-03,1.898097878,1.600747944,2.220404606,1.866363836,1.539520015,2.224200877
2020-04-04,1.402555462,1.172673622,1.652707582,1.305577809,1.058735653,1.57789753
2020-04-05,1.248226477,1.044380771,1.46997545,1.181480828,0.959183246,1.426599207
2020-04-06,0.964774087,0.792179915,1.154123927,0.931238814,0.739538038,1.144698582
2020-04-07,1.000932868,0.826372737,1.19197025,0.983072547,0.786331144,1.201449725
2020-04-08,0.833459971,0.674318888,1.009207672,0.776945901,0.602122401,0.973712465
2020-04-09,0.521715169,0.396160201,0.664288334,0.504764241,0.363789667,0.668465649
2020-04-10,0.485128005,0.358900368,0.630082631,0.441289588,0.303763447,0.604091374
2020-04-11,0.561196183,0.415176025,0.728879726,0.531416218,0.36802118,0.724355774
2020-04-12,0.524841182,0.374954235,0.699538294,0.526153852,0.352373492,0.734216783
2020-04-13,0.6126095,0.439619154,0.813853916,0.602194141,0.403298868,0.840326539
2020-04-14,0.472983123,0.31429385,0.663588267,0.423567167,0.251032748,0.64049584
2020-04-15,0.501030912,0.327290026,0.711173523,0.488707826,0.28963923,0.738998095
2020-04-16,0.605350354,0.398929698,0.854127469,0.607422708,0.365708149,0.909463977
2020-04-17,0.535129842,0.331253807,0.787109181,0.54665796,0.30596031,0.856052558
2020-04-18,0.346165914,0.178868979,0.567770905,0.329970903,0.142458015,0.594882902
2020-04-19,0.410130082,0.211920198,0.672683006,0.392295273,0.169365255,0.707243422
2020-04-20,0.455385194,0.227326648,0.761335987,0.479694793,0.207098164,0.864810284
2020-04-21,0.589842938,0.304780453,0.967442618,0.642452427,0.293770159,1.125233241
2020-04-22,0.680699802,0.351727521,1.116463311,0.73487447,0.336031403,1.287107258
2020-04-23,0.821489416,0.437408516,1.324593867,0.988676014,0.493543504,1.652918537
2020-04-24,0.953282467,0.521168395,1.513703333,1.035637089,0.516986303,1.731430435
2020-04-25,1.05946065,0.592972083,1.659088617,1.043970298,0.521146212,1.745362317
2020-04-26,1.350571573,0.813132313,2.022144018,1.335683366,0.730230525,2.120912146
2020-04-27,1.289856258,0.776577727,1.93123798,1.286373302,0.703272254,2.042613414
2020-04-28,1.142523477,0.677131822,1.7276635,1.122441855,0.597653015,1.809858493
2020-04-29,1.039791481,0.605716855,1.589229385,1.004928851,0.519261401,1.648254028
2020-04-30,0.84881788,0.464056634,1.347825539,0.755278239,0.345361305,1.322843755
2020-05-01,1.061247732,0.618215912,1.622023369,0.883356629,0.423603839,1.509197439
2020-05-02,0.827709779,0.440720597,1.334623763,0.752715575,0.324969159,1.357021548
2020-05-03,0.653574056,0.313414164,1.116618429,0.501464457,0.162824144,1.027158542
2020-05-04,0.641555989,0.293360251,1.123663162,0.45514102,0.124010609,0.997586401
2020-05-05,0.796476801,0.381941585,1.36076496,0.541803735,0.147623283,1.187535324
2020-05-06,0.956129391,0.477296347,1.598505448,0.641575543,0.174807742,1.406216996
2020-05-07,0.815679931,0.372980805,1.428635232,0.369620905,0.044762806,1.029697936
2020-05-08,0.569116831,0.208855847,1.106774029,0.220797738,0.005590115,0.814496238
2020-05-09,0.6328181,0.23223309,1.23065529,0.287442353,0.00727741,1.060340192
2020-05-10,0.962763046,0.415652748,1.735702358,0.772744512,0.093582945,2.152728426
2020-05-11,1.288923179,0.618088764,2.202099918,0.954358854,0.115577285,2.658673601
2020-05-12,1.134914957,0.518955387,1.987764358,1.063629402,0.128810455,2.963081865
2020-05-13,0.855313022,0.343880195,1.595705456,1.156853955,0.140100381,3.222788847
2020-05-14,0.881480779,0.354400991,1.644525048,1.233506301,0.149383336,3.436328615
2020-05-15,0.800717434,0.293849186,1.557172821,1.294431686,0.156761682,3.606055874
2020-05-16,0.854364272,0.31353663,1.661501006,1.341537353,0.162466397,3.737283863
2020-05-17,0.458097044,0.094470624,1.103202688,0.688589667,0.017433581,2.540124277
2020-05-18,0.346698883,0.041986843,0.965841271,1.564506829,0.189469035,4.358437068
2020-05-19,0.429753381,0.052045128,1.197216292,1.718553669,0.208124822,4.787584097
2020-05-20,0.538455068,0.065209407,1.50003981,1.643656636,0.199054444,4.578934315
2020-05-21,0.657935107,0.079678994,1.832889896,1.591966322,0.192794507,4.434934317
2020-05-22,1.564134467,0.426173999,3.428298498,3.112996661,0.848186817,6.823122948
2020-05-23,1.596414675,0.434969269,3.499050848,2.502491473,0.681844701,5.485006525
2020-05-24,1.458393613,0.397363175,3.196533762,1.908235875,0.519930051,4.182506248
2020-05-25,1.028604221,0.212122919,2.477114744,1.22154453,0.251911849,2.941759233
2020-05-26,1.036076502,0.213663883,2.49510971,1.168496689,0.240972109,2.814007872
2020-05-27,1.093275322,0.225459655,2.63285758,1.195049288,0.246447893,2.877952618
2020-05-28,1.898319773,0.616379263,3.888362058,2.026338086,0.657946461,4.150584239
2020-05-29,1.053495081,0.217256013,2.53705764,1.099227129,0.226687061,2.647190895
2020-05-30,1.00632104,0.207527591,2.423451736,1.035619865,0.213569713,2.494010022
2020-05-31,1.425085777,0.388287911,3.123529039,1.09217463,0.225232666,2.630206861
2020-06-01,1.41561642,0.38570783,3.102773929,1.137892567,0.234660803,2.740306131
2020-06-02,2.01666249,0.740079591,3.921847937,1.173316665,0.241966104,2.825615481
2020-06-03,2.07296201,0.833438241,3.867399074,1.200118347,0.247493255,2.890160074
2020-06-04,1.224182404,0.397488694,2.507514528,0.406686727,0.010296416,1.500218313
2020-06-05,1.577266598,0.634142976,2.942610308,1.403955254,0.289529326,3.381046069
2020-06-06,1.485300467,0.597167822,2.771034695,1.557752613,0.321246039,3.751425365
2020-06-07,1.158418369,0.425119125,2.252801703,1.467118315,0.302555068,3.5331572
2020-06-08,1.11740449,0.410067754,2.17304111,1.406465509,0.290047001,3.38709134
2020-06-09,0.745003339,0.202988336,1.632911929,1.365643091,0.281628437,3.2887816
2020-06-10,0.591265327,0.121933125,1.423902438,1.33775254,0.275876735,3.221614758
2020-06-11,0.675349377,0.139273278,1.626396105,1.318469315,0.27190007,3.175176334
2020-06-12,0.519533468,0.062917913,1.447327608,0.870014112,0.105362745,2.423704188
2020-06-13,1.220722343,0.332605753,2.675601531,1.844068713,0.502446659,4.041863492
2020-06-14,1.6541137,0.537086216,3.388150427,2.2397014,0.727224948,4.5876201
2020-06-15,1.534026186,0.498094127,3.142173043,1.854717991,0.602221883,3.799051755
2020-06-16,1.400920464,0.454875062,2.869530233,1.57858949,0.512563711,3.233452849
2020-06-17,1.845320012,0.741914352,3.442701252,1.995920796,0.802463677,3.723667969
2020-06-18,2.11897239,0.968929108,3.711306971,2.225825258,1.017789043,3.89845608
2020-06-19,2.140679589,1.068619538,3.578896347,1.802402627,0.824173253,3.156845962
2020-06-20,1.733363919,0.865289023,2.897925419,1.344594622,0.580500521,2.424081466
2020-06-21,1.335565822,0.640455724,2.281787956,1.078333224,0.433545883,2.011780675
2020-06-22,1.347767329,0.672800595,2.253265549,1.061214506,0.426663271,1.979843324
2020-06-23,1.271106247,0.634531659,2.125099677,1.071625078,0.430848861,1.999265695
2020-06-24,1.094048009,0.524638546,1.869159521,0.925411793,0.339609818,1.799668686
2020-06-25,0.963313235,0.440488153,1.687209867,0.634756543,0.172949794,1.391270987
2020-06-26,0.869184372,0.375252119,1.566995504,0.870850654,0.282762837,1.78377884
2020-06-27,1.133872177,0.543735782,1.937198328,1.343099532,0.539995671,2.505739065
2020-06-28,1.149723582,0.551337147,1.964280143,1.331167842,0.535198513,2.483478836
2020-06-29,1.238484794,0.618247147,2.070561483,1.61676351,0.739287228,2.831705459
2020-06-30,1.309592451,0.676685529,2.147954088,1.643632689,0.788185762,2.808114143
2020-07-01,1.140102389,0.569135005,1.906080805,1.309077744,0.598593703,2.292804464
2020-07-02,1.00124756,0.480137123,1.710611776,1.210483136,0.55350997,2.120119413
2020-07-03,0.804087313,0.347147829,1.449636285,0.908939697,0.3654409,1.69575348
2020-07-04,0.421474657,0.114837659,0.923795853,0.526510392,0.143456361,1.154015096
2020-07-05,0.481881952,0.131296613,1.056197665,0.587434478,0.160056124,1.287549621
2020-07-06,0.289916877,0.035110279,0.807656726,0.342974996,0.041535863,0.955467184
2020-07-07,0.178747156,0.004525486,0.659376711,0.20693201,0.005239065,0.763347241
2020-07-08,0.235819334,0.005970429,0.869909095,0.270491494,0.006848252,0.997810516
2020-07-09,0.319293514,0.008083812,1.177835284,0.364379562,0.009225292,1.344152279
2020-07-10,0.427876151,0.010832886,1.578383541,0.485211846,0.0122845,1.78988801
2020-07-11,0.565286701,0.01431182,2.085274498,0.636027427,0.01610282,2.346228506
2020-07-12,0.733432678,0.018568908,2.705544736,0.817455848,0.02069619,3.015496082
2020-07-13,0.930966858,0.02357004,3.434224514,1.026326317,0.025984333,3.785994064
2020-07-14,6.913288654,2.537055093,13.44442463,3.764918307,0.776416667,9.066786288
2020-07-15,4.129103223,1.51530811,8.029957933,3.114669644,0.64231976,7.500838457
2020-07-16,2.738765742,1.101125873,5.10954858,2.212323852,0.456234365,5.32778295
2020-07-17,3.427920579,1.771256585,5.622372072,1.828165451,0.377011667,4.402641463
2020-07-18,2.377545788,1.228512603,3.89957898,1.62545282,0.335207449,3.914462982
2020-07-19,1.754593144,0.906623881,2.87783082,1.505916141,0.310556112,3.626591257
2020-07-20,3.689985272,2.489617568,5.122786558,2.861443817,1.05009945,5.56471278
2020-07-21,3.164953407,2.228419278,4.263207165,2.298045672,0.84334226,4.469060005
2020-07-22,2.539014783,1.851974805,3.332764196,2.065653333,0.830499774,3.85376372
2020-07-23,1.859531024,1.356354689,2.440859525,1.708574382,0.686935516,3.187583252
2020-07-24,1.636402203,1.210619359,2.125353711,1.687343877,0.728475322,3.04200162
2020-07-25,1.413974331,1.046065994,1.836465134,1.495289849,0.645560024,2.695760007
2020-07-26,1.270403531,0.939851526,1.649995859,1.350796339,0.583177983,2.435262135
2020-07-27,1.111760474,0.813948396,1.455283355,1.263175512,0.545349529,2.277296292
2020-07-28,0.908228502,0.64583925,1.214650102,1.056287076,0.424682188,1.970650519
2020-07-29,0.797721146,0.552445083,1.087347164,1.04629574,0.420665153,1.952010291
2020-07-30,0.860058542,0.599062287,1.167507161,1.060867265,0.426523662,1.979195498
2020-07-31,0.825525279,0.56465868,1.135149512,1.071900127,0.430959445,1.999778837
2020-08-01,0.863335083,0.590520557,1.187140385,1.080032338,0.434229015,2.014950609
2020-08-02,0.902931121,0.617604218,1.241587444,1.085959001,0.436611841,2.026007623
2020-08-03,0.496028168,0.288954687,0.758135218,0.622999325,0.169746348,1.3655013
2020-08-04,1.248398354,0.887733268,1.669587758,1.006191543,0.369254563,1.956762844
2020-08-05,1.256520389,0.889188611,1.686370265,1.268467472,0.509989712,2.366502571
2020-08-06,2.039292381,1.577188579,2.559863035,1.424780624,0.615119146,2.56864355
2020-08-07,2.032619127,1.604111228,2.511085341,2.010110924,1.038653647,3.296923386
2020-08-08,1.967203165,1.587786845,2.386658114,1.726932651,0.892331301,2.832462912
2020-08-09,2.210923236,1.844520294,2.610027786,1.951596611,1.115506087,3.017682956
2020-08-10,1.9771343,1.667402773,2.312861816,1.651891897,0.944198948,2.554260442
2020-08-11,1.334369897,1.107224759,1.582392708,1.239148142,0.67745382,1.967625271
2020-08-12,1.319247636,1.106103164,1.550893769,1.808384973,1.133305235,2.638658141
2020-08-13,1.186071147,0.990959329,1.398456314,2.046074601,1.359601713,2.870612153
2020-08-14,1.319561167,1.118756518,1.536695719,1.971352267,1.356988193,2.698629046
2020-08-15,1.250225683,1.06056511,1.455257695,2.098488967,1.51868687,2.770581241
2020-08-16,1.177571077,0.9994855,1.370041446,1.776197174,1.295570407,2.331473761
2020-08-17,1.253734441,1.073867147,1.44732409,1.50963793,1.1052447,1.976100971
2020-08-18,1.279990307,1.102643083,1.470368466,1.619282378,1.223188506,2.07008076
2020-08-19,1.19419044,1.028301385,1.372302635,1.175539965,0.860643,1.538770072
2020-08-20,1.180824958,1.020101066,1.353134387,1.064149275,0.776197783,1.396824715
2020-08-21,1.09610081,0.94462346,1.258677359,0.975682893,0.70318641,1.292109158
2020-08-22,1.204960993,1.048208777,1.372476366,0.79077442,0.547634274,1.077878314
2020-08-23,1.358124915,1.194340773,1.532279852,0.894369307,0.629718529,1.204719674
2020-08-24,1.341501744,1.184256392,1.508406864,1.112699194,0.808488938,1.464734909
2020-08-25,1.273350355,1.126244371,1.429354767,0.983481123,0.69935122,1.31529174
2020-08-26,1.231829487,1.091997894,1.379963087,1.201140233,0.885625988,1.563985587
2020-08-27,1.117329319,0.988016506,1.254479165,1.126638926,0.824841293,1.474759101
2020-08-28,1.067314602,0.943344424,1.198826859,1.108974668,0.814832874,1.447744101
2020-08-29,1.097346712,0.972780982,1.229308092,1.475330331,1.136184127,1.85809481
2020-08-30,0.930199105,0.816910347,1.05073708,1.541104738,1.205819544,1.916895403
2020-08-31,0.850171671,0.742006746,0.965588681,1.292624131,1.003773216,1.617445969
2020-09-01,0.850516873,0.740621545,0.967903362,1.237885194,0.966798607,1.541965395
2020-09-02,0.83588664,0.724848307,0.954722328,1.104425008,0.855914211,1.384127769
2020-09-03,0.862725967,0.747574135,0.986005566,1.209210952,0.952720696,1.495812236
2020-09-04,0.794774611,0.682302676,0.915701247,1.135190511,0.891368713,1.408043371
2020-09-05,0.673382264,0.567892356,0.787726017,0.95888602,0.740047986,1.205637947
2020-09-06,0.695280813,0.584121089,0.815979571,0.954929881,0.736994722,1.200663768
2020-09-07,0.687099979,0.571935971,0.812670601,1.014397663,0.787719477,1.269304334
2020-09-08,0.705351591,0.583838155,0.838181425,1.00424821,0.778278569,1.258580551
2020-09-09,0.779183758,0.646020771,0.924639456,1.138609819,0.897095034,1.408477567
2020-09-10,0.799603346,0.660154569,0.952215109,1.059509748,0.829001125,1.31786589
2020-09-11,0.889254694,0.737879965,1.054542781,1.065301993,0.836491194,1.321356543
2020-09-12,0.894977781,0.740171009,1.064265892,1.024114434,0.801306472,1.273839606
2020-09-13,0.84155512,0.68967473,1.008324183,0.945231429,0.732541374,1.184617389
2020-09-14,0.921784587,0.759680965,1.09933093,1.095434308,0.864499625,1.3532929
2020-09-15,1.001339731,0.829526941,1.189082724,1.160712932,0.92314944,1.425066777
2020-09-16,1.077684399,0.898416927,1.273017264,1.219359249,0.979245603,1.485405095
2020-09-17,1.032425089,0.858046187,1.222694904,1.15198136,0.923922736,1.404817425
2020-09-18,1.22734623,1.037578738,1.432815322,1.368559862,1.123730051,1.637158069
2020-09-19,1.186322657,1.002898071,1.384924025,1.342319607,1.107248148,1.5996819
2020-09-20,1.212312756,1.031198861,1.407863447,1.354139766,1.127174015,1.601614919
2020-09-21,1.164585651,0.991124278,1.351828823,1.25098329,1.041307472,1.479606131
2020-09-22,1.163720652,0.993913032,1.346722833,1.234979188,1.033296874,1.454374764
2020-09-23,1.247799621,1.074912532,1.433389929,1.248783563,1.05117328,1.463162417
2020-09-24,1.345837669,1.170359159,1.533394652,1.355704644,1.154976308,1.572278516
2020-09-25,1.334762614,1.166041761,1.514717419,1.400557341,1.203420341,1.612427797
2020-09-26,1.495850459,1.323654419,1.678423243,1.587211339,1.385712712,1.802188408
2020-09-27,1.464273574,1.30193001,1.636017494,1.494981366,1.310316391,1.691642476
2020-09-28,1.387634433,1.237915781,1.545776154,1.353161376,1.187700141,1.529255539
2020-09-29,1.302848362,1.164415552,1.448944033,1.265568253,1.112647426,1.428192216
2020-09-30,1.198748659,1.070990691,1.333601269,1.186763726,1.043645021,1.338944692
2020-10-01,1.133915107,1.013066847,1.261474301,1.12366124,0.987887285,1.268050326
2020-10-02,1.041439545,0.927828632,1.161517145,1.006296987,0.880174013,1.140741509
2020-10-03,0.925319412,0.819363238,1.037624791,0.890026476,0.77235371,1.015920656
2020-10-04,0.878870994,0.775279408,0.988864078,0.848361035,0.732600127,0.972488882
2020-10-05,0.945300864,0.836288098,1.060895302,0.943996768,0.819480918,1.077190256
2020-10-06,1.044590248,0.928585877,1.167323493,0.992268072,0.862890119,1.130551321
2020-10-07,1.011468978,0.897435938,1.132223237,0.951411563,0.824422474,1.087363928
2020-10-08,1.11385286,0.994415133,1.239966213,1.097760129,0.960463078,1.244095626
2020-10-09,1.251581322,1.125787671,1.383941193,1.254961615,1.108398905,1.410492759
2020-10-10,1.39106973,1.261347585,1.527049977,1.386531426,1.235753565,1.545862703
2020-10-11,1.342259093,1.219755501,1.470540488,1.351465545,1.208298369,1.502532475
2020-10-12,1.305750111,1.189872247,1.426935074,1.317226781,1.181691438,1.460014184
2020-10-13,1.389858899,1.274460929,1.510186575,1.447753858,1.310664921,1.591563395
2020-10-14,1.555148859,1.437788498,1.677047896,1.638895172,1.499188623,1.78473636
2020-10-15,1.616033887,1.502802081,1.73331996,1.657429064,1.525491631,1.794760466
2020-10-16,1.396393314,1.297973526,1.498358599,1.430606702,1.316629231,1.549247977
2020-10-17,1.23408644,1.146469738,1.324883424,1.261295169,1.160294859,1.366450227
2020-10-18,1.13843877,1.057067561,1.222784238,1.135309081,1.042970956,1.23150779
2020-10-19,1.095915615,1.017689624,1.176996893,1.07420136,0.986290926,1.165811067
2020-10-20,1.0466464,0.97122095,1.12485231,1.042410001,0.956796077,1.13164001
2020-10-21,1.014223335,0.940574749,1.090608464,0.996981392,0.913821697,1.083710711
2020-10-22,0.970684374,0.898880439,1.045208098,0.888440174,0.810168241,0.970269657
2020-10-23,1.099265138,1.022639689,1.178619483,1.028447741,0.943368373,1.117147805
2020-10-24,1.1844623,1.105288642,1.266335765,1.088180651,1.000214954,1.179800753
2020-10-25,1.300897133,1.219393651,1.384999888,1.236194385,1.143114808,1.332865177
2020-10-26,1.249484751,1.172002292,1.32941218,1.211641723,1.121422562,1.305301622
2020-10-27,1.259232789,1.183890625,1.336866219,1.247225291,1.158078441,1.339630612
2020-10-28,1.226167425,1.153988478,1.300504905,1.201880132,1.116720414,1.290124546
2020-10-29,1.207661447,1.138022592,1.279339103,1.238893382,1.154623505,1.326089235
2020-10-30,1.473026413,1.397918671,1.55007181,1.449218206,1.360294056,1.54091795
2020-10-31,1.534925368,1.461417894,1.610211124,1.511365583,1.424290291,1.600987856
2020-11-01,1.488353523,1.420120066,1.558165526,1.503061073,1.42094658,1.587449602
2020-11-02,1.432666036,1.369422882,1.497316766,1.402012671,1.327109949,1.478942642
2020-11-03,1.238038686,1.182215179,1.295131892,1.177904539,1.112648094,1.244994328
2020-11-04,1.27784289,1.223119906,1.333746625,1.251773206,1.186475554,1.318795306
2020-11-05,1.340137137,1.285722858,1.395663352,1.295384399,1.230587852,1.361820049
2020-11-06,1.113664262,1.065914513,1.162445574,1.059211441,1.002601607,1.117354019
2020-11-07,1.020487135,0.975894121,1.066062386,0.963716229,0.910732064,1.018177309
2020-11-08,1.07481678,1.029301452,1.121303001,1.018937949,0.964377666,1.07497835
2020-11-09,1.124511755,1.078226322,1.171756261,1.106146568,1.049216299,1.164559691
2020-11-10,1.233361728,1.185493272,1.28216433,1.207001025,1.148028149,1.267430158
2020-11-11,1.205035311,1.158794113,1.252168514,1.142844799,1.086634035,1.200453107
2020-11-12,1.162957943,1.118714943,1.208046926,1.126624761,1.071955932,1.182634088
2020-11-13,1.196934565,1.152983234,1.241696515,1.222850427,1.166742347,1.280257643
2020-11-14,1.132612365,1.090785211,1.175215454,1.175113285,1.121314679,1.230154735
2020-11-15,1.110434408,1.069810161,1.151805088,1.065871561,1.015858713,1.117069268
2020-11-16,1.089465011,1.049788836,1.129866829,1.059286455,1.010065387,1.109662029
2020-11-17,1.021523118,0.983566565,1.060188212,0.986825829,0.93966642,1.035123647
2020-11-18,0.997945489,0.96065475,1.035936362,0.980900377,0.933981781,1.028952618
2020-11-19,0.997960749,0.960689945,1.035930922,0.961295572,0.91473582,1.008994814
2020-11-20,0.999044068,0.961739639,1.037048365,0.92386744,0.878060572,0.970822606
2020-11-21,1.052994783,1.014680138,1.09200955,0.969235656,0.921939223,1.017698509
2020-11-22,0.951857859,0.91558371,0.988826828,0.930284592,0.883658399,0.978092649
2020-11-23,1.007850155,0.970496369,1.045899434,1.006269271,0.957440625,1.056295214
2020-11-24,1.089610288,1.050654846,1.129264919,1.108977904,1.057506356,1.161655339
2020-11-25,1.05443864,1.016400732,1.093165537,1.064811251,1.01481916,1.115988415
2020-11-26,1.003303167,0.966533526,1.040749629,1.006755634,0.958672717,1.055998538
2020-11-27,0.964835946,0.928881222,1.001463837,0.962261008,0.915422323,1.010251864
2020-11-28,1.006885709,0.970049698,1.044398547,1.028170336,0.979601541,1.077897719
2020-11-29,1.054473562,1.016710881,1.092915184,1.090352394,1.040309854,1.141553957
2020-11-30,0.974142936,0.938025399,1.010933196,0.975884715,0.928965038,1.023944059
2020-12-01,0.903546321,0.868813718,0.938950119,0.920798708,0.875378786,0.967351222
2020-12-02,0.894799976,0.859926286,0.930357123,0.930015985,0.884008466,0.977174159
2020-12-03,0.91240056,0.876712441,0.948790674,0.953774471,0.906727965,1.001994129
2020-12-04,0.926181916,0.889786031,0.963297121,0.978682999,0.930684019,1.027871863
2020-12-05,0.893494661,0.857395155,0.930328121,0.94079959,0.893568134,0.98923029
2020-12-06,0.922383936,0.885268257,0.960251109,0.971488718,0.923226814,1.020962882
2020-12-07,0.937399761,0.89954262,0.976026254,0.970032988,0.921542842,1.019748918
2020-12-08,0.937950742,0.899758873,0.976925302,0.949521886,0.901386584,0.998891641
2020-12-09,0.95328253,0.914474834,0.992885361,0.95454964,0.906027792,1.004319328
2020-12-10,0.934829436,0.896144021,0.974320858,0.922439001,0.874458299,0.971683109
2020-12-11,1.002399979,0.962038763,1.043578934,0.932833982,0.884190965,0.982761143
2020-12-12,1.011941254,0.971247868,1.053458036,0.920779301,0.872007004,0.970860032
2020-12-13,0.961416104,0.921817291,1.001835998,0.874200374,0.826252304,0.923481702
2020-12-14,0.92876557,0.889764844,0.9685911,0.889877051,0.84083499,0.940289518
2020-12-15,0.954580043,0.914734844,0.995262762,0.940022737,0.888828892,0.992629748
2020-12-16,0.974968175,0.934401876,1.016384371,0.932930827,0.881412689,0.985891539
2020-12-17,0.951302094,0.911074141,0.992386916,0.921497215,0.869899576,0.974560422
2020-12-18,0.914875154,0.875244111,0.955371395,0.893513521,0.842236795,0.946284051
2020-12-19,0.873964084,0.834889971,0.913919247,0.838871808,0.788609235,0.890665179
2020-12-20,0.878051346,0.838332011,0.918677075,0.831967133,0.781018862,0.884502399
2020-12-21,0.8703769,0.830195613,0.911494412,0.792976357,0.74217528,0.845435293
2020-12-22,0.839917007,0.799814394,0.880986787,0.758996742,0.708081747,0.811654339
2020-12-23,0.823867211,0.783396909,0.865342396,0.776854822,0.723784909,0.831775637
2020-12-24,0.872450479,0.829863574,0.916087996,0.821002837,0.764742938,0.879231204
2020-12-25,0.708014553,0.668963813,0.748157408,0.716994431,0.663129508,0.772932724
2020-12-26,0.605821227,0.568703351,0.644095884,0.643209961,0.59066439,0.697962557
2020-12-27,0.865859543,0.819195036,0.913798417,0.845771464,0.782655746,0.911299796
2020-12-28,0.884296735,0.835523102,0.9344344,0.843665529,0.778555285,0.911353153
2020-12-29,0.891856904,0.842185395,0.942931526,0.870470772,0.803078447,0.940539632
2020-12-30,0.864821287,0.815212709,0.915874426,0.852166228,0.784273529,0.922837006
2020-12-31,0.849562798,0.799621388,0.900995611,0.851571751,0.78249268,0.923531055
2021-01-01,0.882260172,0.830396653,0.935672496,0.88542029,0.813595442,0.960239855
2021-01-02,1.188946419,1.127583003,1.251912762,1.270486919,1.182713418,1.361357546
2021-01-03,0.818436946,0.768041746,0.870410819,0.948463941,0.873836476,1.026105606
2021-01-04,0.830636583,0.779769792,0.88308783,0.98509892,0.90990082,1.063240028
2021-01-05,0.864761983,0.811540983,0.919649313,0.976882885,0.901551042,1.055194278
2021-01-06,0.934093761,0.877696155,0.992222614,1.007749605,0.931059204,1.08743181
2021-01-07,0.976706581,0.918323663,1.03686328,1.036444876,0.958580919,1.117305974
2021-01-08,1.1962207,1.13120134,1.263031269,1.184042658,1.100971387,1.270092316
2021-01-09,1.052004891,0.991867572,1.113887125,0.947346991,0.874292795,1.023290652
2021-01-10,1.066157013,1.006484087,1.127524156,0.949346459,0.876652421,1.024894699
2021-01-11,1.064288539,1.005037789,1.125212291,0.909841053,0.838134585,0.984448713
2021-01-12,1.019154401,0.961658746,1.078295812,0.876868888,0.80586173,0.950831286
2021-01-13,0.998698523,0.942046639,1.056981204,0.826996713,0.757104947,0.899929966
2021-01-14,1.044023926,0.986114121,1.103562712,0.808826792,0.738364639,0.882454105
2021-01-15,1.008717427,0.95197718,1.067076914,0.80533143,0.733332694,0.88065327
2021-01-16,0.98286896,0.927043835,1.040303193,0.843779959,0.768182813,0.922874097
2021-01-17,1.017453966,0.960577456,1.07594324,0.863665867,0.785446794,0.945544411
2021-01-18,1.005990363,0.949450717,1.064142139,0.898559466,0.817268924,0.983648832
2021-01-19,1.020764609,0.963890365,1.079246104,0.938448483,0.854098866,1.026713136
2021-01-20,1.014010355,0.957419623,1.07220303,0.923651901,0.839165594,1.012132253
2021-01-21,0.95494841,0.900169887,1.011322038,0.908017115,0.823536835,0.996563044
2021-01-22,0.947429424,0.892724544,1.003738062,0.900078869,0.815052653,0.989262951
2021-01-23,0.990202385,0.933888743,1.048141355,0.860063315,0.775967639,0.948423168
2021-01-24,1.025787476,0.968254979,1.084956905,0.885788842,0.799067112,0.976913822
2021-01-25,1.016522281,0.959343012,1.075333319,0.884416012,0.796352448,0.97703128
2021-01-26,0.996585142,0.940125041,1.054668391,0.88868398,0.799122501,0.982933764
2021-01-27,0.946042144,0.89107756,1.002628427,0.907710818,0.815857479,1.004393186
2021-01-28,0.895545862,0.84186209,0.950865429,0.837504115,0.748246185,0.931718707
2021-01-29,0.901283634,0.84684077,0.95739857,0.785559052,0.697739035,0.878509137
2021-01-30,0.880245236,0.825742927,0.936464672,0.812885393,0.721240672,0.909931744
2021-01-31,0.807697883,0.75479212,0.862370275,0.749024474,0.65887098,0.84487464
2021-02-01,0.820196136,0.765756219,0.87647896,0.743410184,0.651012161,0.841850315
2021-02-02,0.850506529,0.793689244,0.909260088,0.728096946,0.633594309,0.829072691
2021-02-03,0.921268086,0.860854634,0.983701236,0.763485605,0.663247779,0.870674269
2021-02-04,0.927570312,0.866110902,0.991106498,0.809258462,0.702514976,0.92344101
2021-02-05,0.890150228,0.829415674,0.953000296,0.876404292,0.762133365,0.998540675
2021-02-06,0.815929167,0.757130107,0.876895777,0.864517955,0.748849268,0.988372
2021-02-07,0.804077834,0.744555002,0.865856972,0.916448475,0.795282386,1.046080046
2021-02-08,0.797236772,0.736473104,0.860374716,0.988667812,0.860921993,1.125121592
2021-02-09,0.828427387,0.764843899,0.89451345,1.120137712,0.983170035,1.265907253
2021-02-10,0.776842441,0.713825374,0.842486987,1.024290105,0.894535746,1.162703817
2021-02-11,0.789456469,0.724266336,0.857415625,1.007600819,0.879960614,1.143759285
2021-02-12,0.793113774,0.72589381,0.863267701,0.934272086,0.811611748,1.065438118
2021-02-13,0.86727311,0.794999366,0.942646208,0.956906157,0.832138906,1.090261342
2021-02-14,0.905602918,0.83013498,0.984307188,0.952925949,0.827525464,1.08704385
2021-02-15,0.845088953,0.771243785,0.922261809,0.833815096,0.716135741,0.960314927
2021-02-16,1.042600963,0.959041781,1.129600489,0.854928126,0.733943612,0.985007247
2021-02-17,1.084217449,0.998484801,1.173430757,0.896821959,0.770250217,1.032880693
2021-02-18,1.152172216,1.064558438,1.243201206,1.060019552,0.91987155,1.209959241
2021-02-19,1.137152457,1.051401221,1.226217349,1.140534131,0.994791817,1.296093777
2021-02-20,1.089258481,1.006807363,1.174908294,1.054012855,0.91595149,1.201624147
2021-02-21,1.026788535,0.947794996,1.108898785,1.031367526,0.896272392,1.175807408
2021-02-22,1.15908674,1.075558397,1.245694245,1.257993741,1.108879841,1.416377513
2021-02-23,0.978434318,0.902743571,1.057128691,1.162403847,1.021948556,1.311771311
2021-02-24,0.912896353,0.840348417,0.988405062,1.127765822,0.992810931,1.271195805
2021-02-25,0.819497905,0.750239884,0.891769834,1.018457425,0.892395763,1.15272623
2021-02-26,0.802529837,0.732756976,0.875430294,0.969482506,0.847457633,1.099595104
2021-02-27,0.837588481,0.764472941,0.913995333,1.008200405,0.883408326,1.141116971
2021-02-28,0.863049877,0.787093236,0.94245511,0.985476635,0.861963154,1.117139491
2021-03-01,0.779349943,0.705902891,0.856379687,0.836009833,0.722502085,0.957677736
2021-03-02,0.803974209,0.727570874,0.884137302,0.876542362,0.758695575,1.002772156
2021-03-03,0.868962373,0.787263261,0.954636833,0.851494693,0.73321067,0.978494194
2021-03-04,0.861861615,0.778850483,0.94901572,0.810782283,0.693481741,0.937113523
2021-03-05,0.862687882,0.778227814,0.951436365,0.77397163,0.656922912,0.900474911
2021-03-06,0.847537335,0.762353245,0.937167893,0.71856509,0.602878559,0.844255009
2021-03-07,0.895157518,0.805906241,0.989028332,0.793037363,0.667117595,0.929682002
2021-03-08,1.005800145,0.909518948,1.106855652,0.882761504,0.745380612,1.031590306
2021-03-09,1.00846804,0.911575722,1.11018359,0.749332659,0.620759977,0.889826391
2021-03-10,1.064128843,0.964664351,1.168403452,0.781593435,0.646945545,0.92878092
2021-03-11,1.142002765,1.039357284,1.249412474,0.854822033,0.709308657,1.013710033
2021-03-12,1.240975129,1.135291066,1.351295195,1.08831162,0.919494143,1.271146678
2021-03-13,1.237713874,1.134664701,1.345177908,1.165974049,0.990722553,1.355287315
2021-03-14,1.141928532,1.045785427,1.242239002,1.13358429,0.963718971,1.317034266
2021-03-15,1.073040954,0.981834233,1.168240563,1.177835156,1.00743096,1.361358377
2021-03-16,1.147245298,1.053936363,1.244455404,1.241651252,1.069616041,1.426327088
2021-03-17,1.16001206,1.067436896,1.256381946,1.350626175,1.17532296,1.537937061
