date,new_daily_cases,confirmed and probable,active,recovered,deaths,total_hospital,total_ICU,active_hospital,active_ICU,test to date,test_daily_diff,active_non_ICU,daily_recovery,new_daily_deaths
03/01/2020,0,0,0,,0,,,,,,,0,,
03/02/2020,0,0,0,,0,,,,,,,0,,
03/03/2020,0,0,0,,0,,,,,,,0,0,0
03/04/2020,0,0,0,,0,,,,,,,0,0,0
03/05/2020,0,0,0,,0,,,,,97,,0,0,0
03/06/2020,0,0,0,,0,,,,,403,306,0,0,0
03/07/2020,0,0,0,,0,,,,,,,0,0,0
03/08/2020,0,0,0,,0,,,,,,,0,0,0
03/09/2020,0,0,0,,0,,,,,,,0,0,0
03/10/2020,0,0,0,,0,,,,,,,0,0,0
03/11/2020,0,0,0,,0,,,,,,,0,0,0
03/12/2020,3,3,3,,0,,,,,403,0,0,0,0
03/13/2020,1,4,4,,0,,,,,403,0,0,0,0
03/14/2020,0,4,4,,0,,,,,403,0,0,0,0
03/15/2020,3,7,7,,0,,,,,2280,1877,0,0,0
03/16/2020,1,8,8,,0,,,,,2912,632,0,0,0
03/17/2020,7,15,15,,0,,,,,3270,358,0,0,0
03/18/2020,2,17,17,,0,,,,,3534,264,0,0,0
03/19/2020,0,17,17,,0,,,,,3534,0,0,0,0
03/20/2020,0,17,17,,0,,,,,3801,267,0,0,0
03/21/2020,2,19,19,,0,,,,,4245,444,0,0,0
03/22/2020,1,20,20,,0,,,,,4245,0,0,0,0
03/23/2020,0,20,20,,0,,,,,4520,275,0,0,0
03/24/2020,1,21,21,,0,,,,,4801,281,0,0,0
03/25/2020,14,35,35,,0,,,1,,5606,805,1,0,0
03/26/2020,1,36,36,,0,,,1,,6303,697,1,0,0
03/27/2020,3,39,38,,1,,,0,,6303,0,0,0,1
03/28/2020,25,64,63,,1,,,1,,7147,844,1,0,0
03/29/2020,8,72,71,,1,,,0,,8550,1403,0,0,0
03/30/2020,24,96,93,2,1,,,4,,8914,364,4,2,0
03/31/2020,7,103,98,4,1,,,3,,10044,1130,3,2,0
04/01/2020,24,127,123,4,0,,,4,,11327,1283,4,0,-1
04/02/2020,40,167,156,11,0,,,5,,11952,625,5,7,0
04/03/2020,15,182,169,11,2,,,9,,12514,562,9,0,2
04/04/2020,12,194,175,17,2,,,10,,12988,474,10,6,0
04/05/2020,9,203,184,17,2,,,11,,13486,498,11,0,0
04/06/2020,1,204,181,21,2,,,11,,14280,794,11,4,0
04/07/2020,3,207,183,21,3,,,12,,14708,428,12,0,1
04/08/2020,14,221,149,69,3,,,12,,15259,551,12,48,0
04/09/2020,3,224,145,76,3,,,11,,15259,0,11,7,0
04/10/2020,6,230,134,92,4,,,10,,16220,961,10,16,1
04/11/2020,13,243,143,96,4,,,8,,16383,163,8,4,0
04/12/2020,-1,242,142,96,4,,,8,4,17221,838,4,0,0
04/13/2020,4,246,143,99,4,,,8,4,17245,24,4,3,0
04/14/2020,0,246,143,99,4,,,9,4,17709,464,5,0,0
04/15/2020,0,246,133,108,5,,,9,4,17902,193,5,9,1
04/16/2020,4,250,124,121,5,,,8,4,18349,447,4,13,0
04/17/2020,0,250,113,132,5,,,8,4,18856,507,4,11,0
04/18/2020,3,253,108,140,5,,,7,4,19193,337,3,8,0
04/19/2020,0,253,105,143,5,,,8,5,19744,551,3,3,0
04/20/2020,1,254,104,144,6,,,8,5,20012,268,3,1,1
04/21/2020,1,255,99,150,6,,,7,4,20319,307,3,6,0
04/22/2020,2,257,97,154,6,,,7,3,21061,742,4,4,0
04/23/2020,5,262,82,174,6,,,7,2,21387,326,5,20,0
04/24/2020,1,263,61,196,6,,,7,3,22172,785,4,22,0
04/25/2020,4,267,62,199,6,,,7,2,22598,426,5,3,0
04/26/2020,4,271,66,199,6,,,8,2,23167,569,6,0,0
04/27/2020,1,272,61,205,6,,,7,2,23543,376,5,6,0
04/28/2020,0,272,57,209,6,,,7,2,23857,314,5,4,0
04/29/2020,1,273,54,213,6,,,5,0,24304,447,5,4,0
04/30/2020,2,275,49,220,6,,,5,0,24723,419,5,7,0
05/01/2020,4,279,38,235,6,,,5,0,25502,779,5,15,0
05/02/2020,1,280,38,236,6,,,6,0,26169,667,6,1,0
05/03/2020,1,281,38,237,6,,,5,0,26806,637,5,1,0
05/04/2020,0,281,37,238,6,,,5,0,27446,640,5,1,0
05/05/2020,1,282,37,238,7,,,4,0,27775,329,4,0,1
05/06/2020,2,284,35,242,7,,,5,0,28294,519,5,4,0
05/07/2020,-1,283,33,243,7,,,5,0,28810,516,5,1,0
05/08/2020,1,284,30,247,7,,,5,0,29343,533,5,4,0
05/09/2020,0,284,30,247,7,,,4,0,30014,671,4,0,0
05/10/2020,3,287,33,247,7,,,4,1,30647,633,3,0,0
05/11/2020,2,289,35,247,7,,,4,1,31029,382,3,0,0
05/12/2020,1,290,32,251,7,,,4,1,31440,411,3,4,0
05/13/2020,0,290,32,251,7,,,4,1,31946,506,3,0,0
05/14/2020,-1,289,30,252,7,,,4,1,32244,298,3,1,0
05/15/2020,0,289,28,254,7,,,3,1,33045,801,2,2,0
05/16/2020,0,289,25,257,7,,,2,1,33953,908,1,3,0
05/17/2020,0,289,25,257,7,,,2,1,34715,762,1,0,0
05/18/2020,1,290,26,257,7,,,1,0,35200,485,1,0,0
05/19/2020,0,290,26,257,7,,,1,0,35578,378,1,0,0
05/20/2020,0,290,23,260,7,,,1,0,35820,242,1,3,0
05/21/2020,0,290,18,265,7,,,1,0,36402,582,1,5,0
05/22/2020,2,292,18,267,7,,,1,0,37272,870,1,2,0
05/23/2020,0,292,17,268,7,,,0,0,37870,598,0,1,0
05/24/2020,0,292,17,268,7,,,0,0,38599,729,0,0,0
05/25/2020,0,292,17,268,7,,,0,0,38962,363,0,0,0
05/26/2020,0,292,16,269,7,,,0,0,39321,359,0,1,0
05/27/2020,0,292,14,271,7,,,0,0,40466,1145,0,2,0
05/28/2020,2,294,14,273,7,,,0,0,41191,725,0,2,0
05/29/2020,0,294,14,273,7,,,0,0,42306,1115,0,0,0
05/30/2020,0,294,9,278,7,,,0,0,43008,702,0,5,0
5/31/2020,1,295,10,278,7,,,0,0,43886,878,0,0,0
06/01/2020,0,295,10,278,7,,,0,0,44692,806,0,0,0
06/02/2020,2,297,12,278,7,,,0,0,45099,407,0,0,0
06/03/2020,1,298,9,282,7,,,0,0,45802,703,0,4,0
06/04/2020,0,298,7,284,7,,,0,0,46701,899,0,2,0
06/05/2020,2,300,9,284,7,,,0,0,47372,671,0,0,0
06/06/2020,0,300,9,284,7,,,0,0,47372,0,0,0,0
06/07/2020,0,300,9,284,7,,,0,0,47372,0,0,0,0
06/08/2020,0,300,9,284,7,,,0,0,49591,2219,0,0,0
06/09/2020,0,300,8,285,7,,,0,0,50088,497,0,1,0
06/10/2020,0,300,8,285,7,,,0,0,50726,638,0,0,0
06/11/2020,0,300,7,286,7,,,0,0,51460,734,0,1,0
06/12/2020,1,301,5,289,7,,,0,0,52255,795,0,3,0
06/13/2020,2,303,6,289,7,,,,,52255,0,0,0,0
06/14/2020,1,304,8,289,7,,,,,52255,0,0,0,0
06/15/2020,0,304,5,292,7,,,0,0,54381,2126,0,3,0
06/16/2020,0,304,5,292,7,,,0,0,54614,233,0,0,0
06/17/2020,2,306,6,293,7,,,0,0,55097,483,0,1,0
06/18/2020,2,308,8,293,7,,,0,0,55743,646,0,0,0
06/19/2020,3,311,11,293,7,,,0,0,56317,574,0,0,0
06/20/2020,2,313,13,293,7,,,0,0,56317,0,0,0,0
06/21/2020,0,313,13,293,7,,,0,0,56317,0,0,0,0
06/22/2020,1,314,14,293,7,,,0,0,58221,1904,0,0,0
06/23/2020,0,314,14,293,7,,,0,0,58801,580,0,0,0
06/24/2020,1,315,15,293,7,,,0,0,59357,556,0,0,0
06/25/2020,1,316,15,294,7,,,0,0,59834,477,0,1,0
06/26/2020,2,318,11,300,7,,,0,0,60775,941,0,6,0
06/27/2020,4,322,15,300,7,,,0,0,61565,790,0,0,0
06/28/2020,0,322,15,300,7,,,0,0,62585,1020,0,0,0
06/29/2020,2,324,17,300,7,,,0,0,63056,471,0,0,0
06/30/2020,1,325,18,300,7,,,0,0,63309,253,0,0,0
07/01/2020,0,325,18,300,7,,,0,0,63817,508,0,0,0
07/02/2020,0,325,16,302,7,,,0,0,64329,512,0,2,0
07/03/2020,0,325,16,302,7,,,0,0,64968,287,0,0,0
07/04/2020,0,325,16,302,7,,,0,0,65255,678,0,0,0
07/05/2020,0,325,16,302,7,,,0,0,65933,784,0,0,0
07/06/2020,0,325,14,304,7,,,0,0,66717,289,0,2,0
07/07/2020,0,325,11,307,7,,,0,0,67006,612,0,3,0
07/08/2020,0,325,6,312,7,,,0,0,67618,397,0,5,0
07/09/2020,0,325,4,314,7,,,0,0,68015,1021,0,2,0
07/10/2020,0,325,4,314,7,,,0,0,69036,798,0,0,0
07/11/2020,0,325,4,314,7,,,0,0,69834,1149,0,0,0
07/12/2020,0,325,4,314,7,,,0,0,70983,573,0,0,0
07/13/2020,0,325,1,317,7,,,0,0,71559,244,0,3,0
07/14/2020,5,330,5,318,7,,,0,0,71803,505,0,1,0
07/15/2020,0,330,5,318,7,,,0,0,72308,734,0,0,0
07/16/2020,1,331,6,318,7,,,0,0,73042,843,0,0,0
07/17/2020,5,336,11,318,7,,,0,0,73885,384,0,0,0
07/18/2020,1,337,12,318,7,,,0,0,74269,1390,0,0,0
07/19/2020,6,343,18,318,7,,,0,0,75659,695,0,0,0
07/20/2020,11,354,29,318,7,,,1,1,76354,1197,0,0,0
07/21/2020,12,366,41,318,7,,,1,1,77551,722,0,0,0
07/22/2020,8,374,49,318,7,,,1,1,78273,1273,0,0,0
07/23/2020,1,375,49,319,7,,,1,1,79546,1640,0,1,0
07/24/2020,9,384,58,319,7,,,2,2,81186,1393,0,0,0
07/25/2020,4,388,62,319,7,,,2,2,82579,1581,0,0,0
07/26/2020,6,394,68,319,7,,,2,2,84160,808,0,0,0
07/27/2020,6,400,74,319,7,,,3,2,84967,808,1,0,0
07/28/2020,5,405,78,319,8,,,3,2,85702,735,1,0,1
07/29/2020,2,407,74,325,8,,,6,4,86367,665,2,6,0
07/30/2020,2,409,76,325,8,,,6,4,87548,1181,2,0,0
07/31/2020,6,415,70,337,8,,,6,5,88621,1073,1,12,0
08/01/2020,2,417,72,337,8,,,5,,90424,1803,5,0,0
08/02/2020,18,435,90,337,8,,,6,5,91778,1354,1,0,0
08/03/2020,7,442,92,337,8,,,6,5,92868,1090,1,0,0
08/04/2020,0,442,93,341,8,,,9,4,93995,1127,5,4,0
08/05/2020,2,444,94,342,8,,,9,5,94984,989,4,1,0
08/06/2020,30,474,118,348,8,,,10,5,95547,563,5,6,0
08/07/2020,17,491,132,351,8,,,9,3,96999,1452,6,3,0
08/08/2020,16,507,148,351,8,,,9,3,100074,3075,6,0,0
08/09/2020,35,542,182,352,8,,,6,3,100830,756,3,1,0
08/10/2020,16,558,196,354,8,,,6,3,103782,2952,3,2,0
08/11/2020,4,562,194,360,8,,,5,3,104841,1059,2,6,0
08/12/2020,16,578,202,368,8,,,5,3,105661,820,2,8,0
08/13/2020,25,603,218,377,8,,,7,3,108211,2550,4,9,0
08/14/2020,40,643,246,389,8,,,9,3,110492,2281,6,12,0
08/15/2020,20,663,211,443,9,,,9,3,112283,1791,6,54,1
08/16/2020,34,697,205,483,9,,,9,3,113952,1669,6,40,0
08/17/2020,34,731,232,490,9,,,11,3,115963,2011,8,7,0
08/18/2020,17,748,235,502,11,,,8,2,116990,1027,6,12,2
08/19/2020,15,763,223,528,12,,,6,2,118364,1374,4,26,1
08/20/2020,33,796,247,537,12,,,6,2,119210,846,4,9,0
08/21/2020,34,830,265,553,12,,,5,1,122291,3081,4,16,0
08/22/2020,42,872,290,570,12,,,6,1,124140,1849,5,17,0
08/23/2020,96,968,380,576,12,,,7,1,125300,1160,6,6,0
08/24/2020,25,993,395,586,12,,,6,1,127149,1849,5,10,0
08/25/2020,25,1018,399,606,13,,,7,1,128576,1427,6,20,1
08/26/2020,25,1043,408,622,13,,,8,1,129409,833,7,16,0
08/27/2020,21,1064,407,643,14,,,6,1,130835,1426,5,21,1
08/28/2020,32,1096,418,664,14,,,5,1,132085,1250,4,21,0
08/29/2020,55,1151,444,693,14,,,5,1,133378,1293,4,29,0
08/30/2020,35,1186,462,710,14,,,5,1,134920,1542,4,17,0
08/31/2020,0,1186,469,731,14,,,11,1,137499,2579,10,21,0
09/01/2020,46,1232,459,759,14,,,14,1,138060,561,13,28,0
09/02/2020,12,1244,454,776,14,,,14,1,139643,1583,13,17,0
09/03/2020,20,1264,457,791,16,,,12,1,140982,1339,11,15,2
09/04/2020,9,1273,422,835,16,,,12,1,142718,1736,11,44,0
09/05/2020,21,1294,426,852,16,,,13,2,144212,1494,11,17,0
09/06/2020,29,1323,409,898,16,,,13,2,145468,1256,11,46,0
09/07/2020,15,1338,412,910,16,,,13,3,146064,596,10,12,0
09/08/2020,11,1349,393,940,16,,,13,3,148537,1219,10,30,0
09/09/2020,16,1365,404,945,16,,,12,3,149188,651,9,5,0
09/10/2020,13,1378,360,1002,16,,,11,3,150350,1162,8,57,0
09/11/2020,15,1393,287,1090,16,,,12,4,151807,1457,8,88,0
09/12/2020,17,1410,238,1156,16,,,13,4,153231,1424,9,66,0
09/13/2020,18,1428,239,1173,16,,,15,3,154756,1525,12,17,0
09/14/2020,21,1449,257,1176,16,,,12,3,155803,1047,9,3,0
09/15/2020,17,1466,269,1181,16,,,12,3,157440,1637,9,5,0
09/16/2020,23,1489,283,1190,16,,,9,3,158706,1266,6,9,0
09/17/2020,11,1500,293,1191,16,,,10,2,160109,1403,8,1,0
09/18/2020,40,1540,325,1199,16,,,11,3,161473,1364,8,8,0
09/19/2020,18,1558,331,1211,16,,,10,3,162961,1488,7,12,0
09/20/2020,28,1586,354,1216,16,,,11,3,164177,1216,8,5,0
09/21/2020,22,1608,363,1227,18,,,8,2,165998,1821,6,11,2
09/22/2020,24,1632,380,1234,18,,,8,2,167203,1205,6,7,0
09/23/2020,42,1674,417,1238,19,,,11,5,170045,2842,6,4,1
09/24/2020,37,1711,450,1243,19,,,11,6,171661,1616,5,5,0
09/25/2020,53,1764,487,1258,19,,,13,6,173633,1972,7,15,0
09/26/2020,65,1829,545,1265,19,,,12,6,175867,2234,6,7,0
09/27/2020,51,1880,589,1272,19,,,13,6,178067,2200,7,7,0
09/28/2020,39,1919,618,1281,20,,,13,7,180750,2683,6,9,1
09/29/2020,34,1953,606,1327,20,,,14,8,182536,1786,6,46,0
09/30/2020,40,1993,599,1374,20,,,13,7,184491,1955,6,47,0
10/01/2020,36,2029,621,1388,20,,,15,7,186668,2177,8,14,0
10/02/2020,43,2072,652,1399,21,,,18,7,188098,1430,11,11,1
10/03/2020,36,2108,677,1409,22,,,18,7,190061,1963,11,10,1
10/04/2020,32,2140,696,1421,23,,,20,5,192164,2103,15,12,1
10/05/2020,51,2191,739,1429,23,,,23,6,194698,2534,17,8,0
10/06/2020,55,2246,781,1441,24,,,28,7,195595,897,21,12,1
10/07/2020,32,2278,803,1448,27,,,25,6,197988,2393,19,7,3
10/08/2020,66,2344,863,1454,27,,,25,6,200710,2722,19,6,0
10/09/2020,84,2428,933,1465,30,,,25,6,203905,3195,19,11,3
10/10/2020,96,2524,1017,1475,32,,,24,4,205552,1647,20,10,2
10/11/2020,54,2578,1063,1483,32,,,24,4,208703,3151,20,8,0
10/12/2020,77,2655,1131,1490,34,,,25,4,210902,2199,21,7,2
10/13/2020,124,2779,1248,1496,35,,,28,5,213669,2767,23,6,1
10/14/2020,146,2925,1374,1514,37,,,27,3,215861,2192,24,18,2
10/15/2020,173,3098,1527,1533,38,,,25,5,217878,2017,20,19,1
10/16/2020,75,3173,1582,1553,38,,,25,5,220052,2174,20,20,0
10/17/2020,85,3258,1648,1572,38,,,28,5,222371,2319,23,19,0
10/18/2020,44,3302,1675,1587,40,,,29,6,224885,2514,23,15,2
10/19/2020,80,3382,1743,1597,42,,,28,6,226594,1709,22,10,2
10/20/2020,109,3491,1746,1703,42,,,32,6,228713,2119,26,106,0
10/21/2020,135,3626,1774,1809,43,,,32,6,230641,1928,26,106,1
10/22/2020,147,3773,1806,1920,47,,,42,8,233222,2581,34,111,4
10/23/2020,162,3935,1855,2032,48,,,51,8,236023,2801,43,112,1
10/24/2020,153,4088,1922,2116,50,,,65,10,236023,0,55,84,2
10/25/2020,161,4249,2053,2142,54,,,77,15,240639,4616,62,26,4
10/26/2020,100,4349,2117,2177,55,,,80,15,242787,2148,65,35,1
10/27/2020,184,4532,2238,2236,58,,,83,15,244606,1819,68,59,3
10/28/2020,170,4701,2334,2306,61,,,89,19,248077,3471,70,70,3
10/29/2020,193,4894,2409,2423,62,,,97,17,251461,3384,80,117,1
10/30/2020,480,5374,2737,2572,65,,,104,19,253357,1896,85,149,3
10/31/2020,349,5723,3010,2646,67,,,104,19,255942,2585,85,74,2
11/01/2020,312,6034,3255,2704,75,,,120,18,259752,3810,102,58,8
11/02/2020,241,6275,3455,2740,80,,,124,18,262571,2819,106,36,5
11/03/2020,103,6377,3495,2797,85,,,130,20,265264,2693,110,57,5
11/04/2020,374,6751,3772,2892,87,,,140,21,268504,3240,119,95,2
11/05/2020,427,7177,4166,2920,91,,,153,16,272901,4397,137,28,4
11/06/2020,243,7419,4286,3037,96,,,161,20,275342,2441,141,117,5
11/07/2020,271,7689,4460,3126,103,,,159,23,279917,4575,136,89,7
11/08/2020,441,8130,4889,3175,106,,,173,25,285269,5352,148,49,3
11/09/2020,365,8495,5152,3234,109,,,192,28,288568,3299,164,59,3
11/10/2020,384,8878,5390,3374,114,,,207,30,290560,1992,177,140,5
11/11/2020,431,9308,5676,3509,123,,,218,32,296352,5792,186,135,9
11/12/2020,474,9782,6030,3620,132,,,227,34,300169,3817,193,111,9
11/13/2020,437,10216,6307,3772,137,,,231,34,303559,3390,197,152,5
11/14/2020,239,10453,6410,3891,152,,,228,34,307056,3497,194,119,15
11/15/2020,494,10947,6715,4070,162,,,220,41,309794,2738,179,179,10
11/16/2020,392,11339,7011,4156,172,,,234,42,312238,2444,192,86,10
11/17/2020,270,11608,7105,4324,179,,,240,41,315412,3174,199,168,7
11/18/2020,400,12007,7385,4432,190,,,249,40,318479,3067,209,108,11
11/19/2020,475,12482,7629,4655,198,,,263,43,321853,3374,220,223,8
11/20/2020,438,12919,7861,4851,207,,,281,43,324973,3120,238,196,9
11/21/2020,387,13304,8012,5075,217,,,276,45,327511,2538,231,224,10
11/22/2020,243,13544,8122,5193,229,,,288,52,330265,2754,236,118,12
11/23/2020,546,14087,8498,5353,236,,,296,52,333694,3429,244,160,7
11/24/2020,476,14558,8677,5633,248,,,292,47,337489,3795,245,280,12
11/25/2020,349,14907,8758,5893,256,,,303,50,340151,2662,253,260,8
11/26/2020,383,15288,8845,6177,266,,,307,46,341973,1822,261,284,10
11/27/2020,344,15632,8865,6487,280,,,322,45,345708,3735,277,310,14
11/28/2020,487,16118,9024,6804,290,,,327,44,348768,3060,283,317,10
11/29/2020,365,16483,9172,7010,301,,,336,44,352437,3669,292,206,11
11/30/2020,343,16825,9260,7253,312,,,342,43,355081,2644,299,243,11
12/01/2020,283,17107,9066,7713,328,,,338,48,"357,707",2626,290,460,16
12/02/2020,277,17384,8970,8072,342,,,351,51,"360,039",2332,300,359,14
12/03/2020,368,17751,9130,8268,353,,,357,52,"362,973",2934,305,196,12
12/04/2020,320,18069,9172,8535,362,,,361,55,365707,2734,306,267,9
12/05/2020,354,18423,9115,8927,381,,,349,51,"369,154",3447,298,392,19
12/06/2020,383,18806,9216,9195,395,,,348,43,371453,2299,305,268,14
12/07/2020,325,19131,5462,13262,407,,,310,39,"373,260",1807,271,4067,12
12/08/2020,245,19376,5379,13577,420,,,311,38,"375,667",2407,273,315,13
12/09/2020,280,19655,5348,13869,438,,,300,38,"377,623",1956,262,292,18
12/10/2020,293,19947,5380,14116,451,,,298,43,"380,664",3041,255,247,13
12/11/2020,447,20392,5517,14410,465,,,297,40,"383,404",2740,257,294,14
12/12/2020,360,20750,5630,14637,483,,,289,42,"386,007",2603,247,227,18
12/13/2020,273,21023,5728,14805,490,,,304,43,388356,2349,261,168,7
12/14/2020,241,21264,5791,14974,499,,,303,39,"390,503",2147,264,169,9
12/15/2020,272,21535,5762,15265,508,,,311,44,"392,078",1575,267,291,9
12/16/2020,292,21826,5797,15506,523,,,328,46,"394,501",2423,282,241,15
12/17/2020,221,22047,5829,15681,537,,,314,42,"396,779",2278,272,175,14
12/18/2020,350,22397,5602,16248,547,,,305,43,"398,970",2191,262,567,10
12/19/2020,238,22630,5668,16406,556,,,298,44,"401,475",2505,254,158,9
12/20/2020,229,22859,5749,16541,569,,,302,43,"403,737",2262,259,135,13
12/21/2020,167,23025,5736,16717,572,,,310,42,"405,724",1987,268,176,4
12/22/2020,155,23180,4382,18208,590,,,275,36,"407,233",1509,239,1491,18
12/23/2020,201,23381,4427,18349,605,,,259,37,"409,443",2210,222,141,15
12/24/2020,244,23624,4489,18518,617,346,41,254,35,"411,618",2175,219,169,12
12/25/2020,,23624,4489,18518,617,,,254,35,"411,618",,219,0,
12/26/2020,,23624,4489,18518,617,,,254,35,"411,618",,219,,
12/27/2020,524,24145,4488,19012,645,341,35,252,31,"415,859",4241,221,494,28
12/28/2020,107,24252,4442,19156,654,343,37,250,33,"416,970",1111,217,144,9
12/29/2020,133,24385,4424,19302,659,338,36,246,32,"418,344",1374,214,146,5
12/30/2020,130,24513,4444,19408,661,337,36,248,32,419542,1198,216,106,2
12/31/2020,187,24700,4505,19528,667,337,37,247,33,421630,2088,214,120,6
01/01/2021,187,24700,4505,19528,667,,,247,33,421630,1486,214,0,
01/02/2021,327,25026,4559,19789,678,,,239,36,"425,037",1898,203,261,
01/03/2021,101,25126,4461,19982,683,339,41,244,34,"426,105",1068,210,193,5
01/04/2021,118,25244,4423,20133,688,340,41,245,35,427476,1371,210,151,5
01/05/2021,130,25374,4427,20252,695,339,40,243,35,428753,1277,208,119,7
01/06/2021,176,25541,4460,20376,705,329,37,237,32,430597,1844,205,124,10
01/07/2021,208,25742,4506,20519,717,319,35,228,31,432839,2242,197,143,12
01/08/2021,222,25963,4582,20655,726,315,35,227,31,435227,2388,196,136,9
01/09/2021,203,26166,4664,20769,733,313,37,229,33,437412,2185,196,114,7
01/10/2021,151,26316,4728,20850,738,322,36,239,32,438951,1539,207,81,5
01/11/2021,133,26450,3414,22295,741,316,37,162,21,440532,1581,141,1445,3
01/12/2021,92,26540,3100,22696,748,302,35,138,21,441905,1373,117,401,7
01/13/2021,158,26695,2928,23014,753,289,36,119,19,443683,1778,100,318,5
01/14/2021,261,26954,2886,23313,755,290,37,117,16,446018,2335,101,299,2
01/15/2021,191,27145,2907,23478,760,284,35,118,16,448061,2043,102,165,5
01/16/2021,180,27322,2986,23575,761,283,36,122,19,450104,2043,103,97,1
01/17/2021,189,27511,3081,23661,769,292,39,137,24,452157,2053,113,86,8
01/18/2021,118,27629,3108,23748,773,289,35,135,23,453481,1324,112,87,4
01/19/2021,111,27740,3088,23869,783,279,37,131,25,454951,1470,106,121,11
01/20/2021,154,27893,3137,23968,788,273,36,129,25,"456,861",1910,104,99,6
01/21/2021,198,28089,3205,24091,793,268,34,125,23,459134,2273,102,123,6
01/22/2021,173,28260,3261,24204,795,274,39,133,24,461250,2116,109,113,2
01/23/2021,216,28476,3372,24307,797,272,40,135,26,463084,1834,109,103,3
01/24/2021,222,28697,3521,24377,799,278,42,143,28,465040,1956,115,70,3
01/25/2021,113,28810,3542,24464,804,272,36,145,23,466635,1595,122,87,5
01/26/2021,94,28902,3492,24601,809,277,38,140,25,467785,1150,115,137,5
01/27/2021,95,28996,3456,24727,813,281,36,127,24,469361,1576,103,126,4
01/28/2021,133,29128,3456,24851,821,277,37,124,25,471624,2263,99,124,8
01/29/2021,157,29280,3490,24967,823,272,39,122,29,473801,2177,93,116,3
01/30/2021,166,29446,3526,25095,825,275,39,127,30,475748,1947,97,128,3
01/31/2021,119,29564,3503,25232,829,259,39,108,29,477207,1459,79,137,4
02/01/2021,89,29651,3466,25353,832,255,38,104,27,478810,1603,77,121,3
02/02/2021,83,29733,3421,25480,832,254,36,99,24,480277,1467,75,127,
02/03/2021,126,29858,3358,25665,835,260,34,105,22,482110,1833,83,185,3
02/04/2021,110,29968,3340,25791,837,264,36,109,20,484302,2192,89,126,2
02/05/2021,110,30078,3353,25887,838,269,40,115,23,486535,2233,92,96,1
02/06/2021,82,30158,3309,26007,842,259,40,101,23,"488,064",1529,78,120,4
02/07/2021,80,30237,3256,26135,846,263,38,105,21,489506,1442,84,128,4
02/08/2021,53,30289,1622,27817,850,271,34,105,15,490879,1373,90,1682,4
02/09/2021,75,30360,1597,27910,853,266,33,104,15,492213,1334,89,93,3
02/10/2021,59,30417,1573,27985,859,255,34,99,17,493825,1612,82,75,6
02/11/2021,90,30507,1582,28063,862,244,32,92,14,495715,1890,78,78,3
02/12/2021,81,30588,1582,28140,866,240,29,90,11,"497,691",1976,79,77,4
02/13/2021,100,30687,1628,28193,866,230,28,86,11,499259,1568,75,53,1
02/14/2021,80,30766,1619,28276,871,226,26,84,12,500840,1581,72,83,5
02/15/2021,,,,,,,,,,,,72,,
02/16/2021,167,30932,1625,28432,875,230,26,86,13,503523,2683,73,156,4
02/17/2021,76,31007,1555,28576,876,231,28,89,15,504682,1159,74,28576,1
02/18/2021,139,31145,1153,29114,878,224,27,84,12,506511,1829,72,682,2
02/19/2021,92,31235,1169,29187,879,213,27,80,12,508900,2389,68,611,1
02/20/2021,95,31329,1207,29240,882,206,31,79,16,510542,1642,63,126,3
02/21/2021,58,31386,1180,29322,884,208,31,77,13,512566,2024,64,135,2
02/22/2021,97,31483,1219,29378,886,206,32,78,14,514357,1791,64,138,2
02/23/2021,76,31551,1212,29453,886,216,33,85,12,515792,1435,73,131,0
02/24/2021,45,31590,1196,29507,887,207,29,81,11,"517,602",1810,70,129,1
02/25/2021,70,31657,1206,29563,888,196,26,75,10,"519,892",2290,65,110,1
02/26/2021,64,31721,1197,29635,889,191,28,67,10,"521,826",1934,57,128,1
02/27/2021,90,31809,1208,29708,893,189,27,69,11,"523,507",1681,58,145,4
02/28/2021,50,31859,1194,29770,895,192,26,72,11,525373,1866,61,135,2
03/01/2021,35,31894,1171,29827,896,184,25,68,12,526593,1220,56,119,1
03/02/2021,64,31950,1151,29901,898,187,25,69,11,527932,1339,58,131,2
03/03/2021,51,32000,1146,29953,901,186,24,70,10,529722,1790,60,126,3
03/04/2021,51,32051,1143,30005,903,181,24,62,9,"531,949",2227,53,104,2
03/05/2021,54,32104,1133,30067,904,171,24,55,9,534021,2072,46,114,1
03/06/2021,71,32170,1114,30151,905,158,23,46,9,"535,692",1671,37,146,1
03/07/2021,56,32225,1130,30188,907,159,22,48,9,537369,1677,39,121,2
03/08/2021,63,32288,1145,30236,907,164,22,54,10,"538,759",1390,44,85,1
03/09/2021,66,32350,1153,30290,907,163,22,55,10,539998,1239,45,102,1
03/10/2021,77,32421,1185,30328,908,162,21,56,9,"541,926",1928,47,92,1
03/11/2021,91,32509,1204,30394,911,156,22,54,8,544042,2116,46,104,3
03/12/2021,104,32607,872,30823,912,154,22,54,10,546239,2197,44,495,1
03/13/2021,94,32699,909,30873,916,152,22,56,11,"548,095",1856,45,479,4
03/14/2021,44,32743,891,30935,917,148,23,55,12,"549,687",1592,43,112,1
03/15/2021,50,32793,908,30968,917,151,23,56,11,"551,209",1522,45,95,0
03/16/2021,111,32903,989,30997,917,151,22,58,10,552738,1529,48,62,0
03/17/2021,96,32996,1035,31044,917,149,21,61,10,554775,2037,51,76,0
03/18/2021,91,33085,1089,31078,918,146,23,61,11,557277,2502,50,81,1
03/19/2021,93,33176,1127,31130,919,136,21,58,10,559430,2153,48,86,1
03/20/2021,89,33263,1155,31188,920,133,21,56,10,561466,2036,46,110,1
03/21/2021,90,33353,1185,31241,927,135,22,57,10,563190,1724,47,111,7
03/22/2021,66,33418,1205,31285,928,138,25,62,11,564735,1545,51,97,1
03/23/2021,98,33511,1247,31335,929,142,25,63,11,566327,1592,52,94,1
03/24/2021,81,33591,1261,31401,929,138,27,58,14,568790,2463,44,116,0
03/25/2021,111,33696,1109,31658,929,146,30,61,14,571588,2798,47,323,1
03/26/2021,116,33810,1169,31709,932,142,31,58,12,573567,1979,46,308,3
03/27/2021,57,33867,1190,31744,933,143,28,60,13,575630,2063,47,86,1
03/28/2021,55,33922,1179,31809,934,140,27,59,11,577571,1941,48,100,1
03/29/2021,53,33975,1177,31864,934,149,27,66,11,579262,1691,55,120,0
03/30/2021,77,34052,1197,31921,934,150,31,64,13,580442,1180,51,112,0
03/31/2021,71,34122,1181,32006,935,146,28,63,12,"582,697",2255,51,142,1
04/01/2021,59,34174,1179,32058,937,148,30,65,12,584267,1570,53,137,2
04/02/2021,114,34288,,,937,148,30,65,12,584267,2419,53,,
04/03/2021,68,34352,1252,32162,938,142,29,66,12,"588,151",3884,54,104,1
04/04/2021,69,34421,,,938,142,29,66,12,"588,151",1484,54,0,
04/05/2021,66,34487,1280,32267,940,141,29,66,13,590987,2836,53,105,2
04/06/2021,62,34549,1255,32352,942,140,30,66,14,"592,384",1397,52,85,2
04/07/2021,109,34656,1294,32419,943,140,32,61,14,594609,2225,47,67,1
04/08/2021,139,34793,1066,32781,946,141,33,58,13,596872,2263,45,362,3
04/09/2021,179,34969,1180,32840,949,136,35,56,14,"599,622",2750,42,59,3
04/10/2021,135,35104,1259,32896,949,141,32,63,14,601994,2372,49,56,1
04/11/2021,112,35213,1312,32952,949,136,31,59,14,604324,2330,45,56,0
04/12/2021,114,35327,1370,33008,949,135,33,57,14,606373,2049,43,56,0
04/13/2021,135,35459,1438,33070,951,138,33,62,14,608345,1972,48,62,2
04/14/2021,86,35539,1438,33070,954,142,37,64,16,610799,2454,48,0,3
04/15/2021,153,35688,1528,33205,955,137,35,62,16,613701,2902,46,135,1
04/16/2021,127,35815,1551,33309,955,130,34,60,17,615906,2205,43,104,0
04/17/2021,183,35992,1630,33404,958,128,32,58,15,619722,3816,43,95,3
04/18/2021,170,36159,1688,33512,959,132,33,61,16,622343,2621,45,108,1
04/19/2021,108,36267,1685,33623,959,132,30,62,15,624868,2525,47,111,0
04/20/2021,211,35470,1783,33727,960,132,33,66,18,"627,113",2245,48,104,1
04/21/2021,164,36632,1833,33838,961,137,34,72,18,630143,3030,54,111,1
04/22/2021,261,36890,1682,34246,962,145,35,76,21,633974,3831,55,408,1
04/23/2021,181,37069,1739,34366,964,144,35,73,21,637894,3920,52,120,2
04/24/2021,276,37339,1891,34481,967,140,34,74,21,"640,928",3034,53,115,3
04/25/2021,259,37598,2024,34607,967,139,37,74,22,"644,136",3208,52,126,0
04/26/2021,210,37808,2093,34747,968,148,37,83,21,646981,2845,62,140,1
04/27/2021,218,38025,2173,34884,968,148,37,83,21,"649,827",2846,62,137,0
04/28/2021,189,38211,2206,35034,971,148,37,83,21,"653,076",3249,62,150,3
04/29/2021,230,38439,2263,35203,973,142,41,80,28,"656,519",3443,52,169,2
04/30/2021,295,38729,2375,35380,974,149,39,87,24,"660,625",4106,63,177,1
05/01/2021,273,38995,2468,35551,976,149,39,87,24,664305,3680,63,171,2
05/02/2021,281,39274,2540,35756,978,167,40,105,27,"667,827",3522,78,205,2
05/03/2021,251,39524,2593,35952,979,178,45,117,32,670783,2956,85,196,1
05/04/2021,291,39814,2692,36142,980,182,47,120,36,"673,563",2780,84,190,1
05/05/2021,272,40085,2780,36323,982,184,47,125,38,676845,3282,87,181,2
05/06/2021,363,40442,2732,36724,986,185,52,123,40,681038,4193,83,401,4
05/07/2021,502,40940,2989,36964,987,201,56,137,44,685810,4772,93,240,1
05/08/2021,488,41425,3237,37198,990,200,54,139,44,690365,4555,95,234,3
05/09/2021,532,41953,3499,37461,993,210,52,149,42,694828,4463,107,263,3
05/10/2021,502,42451,3771,37683,997,215,60,153,48,698667,3839,105,222,4
05/11/2021,329,42779,3837,37945,997,214,59,154,48,701643,2976,106,262,0
05/12/2021,364,43143,3940,38203,1000,221,62,162,50,"705,377",3734,112,258,3
05/13/2021,560,43700,4046,38652,1002,240,62,183,49,"710,248",4871,134,449,3
05/14/2021,491,44189,4163,39024,1002,239,67,179,50,714218,3970,129,372,0
05/15/2021,430,44617,4219,39392,1006,241,70,181,51,"718,020",3802,130,368,4
05/16/2021,534,45149,4440,39699,1010,258,71,201,53,721995,3975,148,307,4
05/17/2021,430,45579,4568,40000,1011,265,73,209,53,725195,3200,156,301,1
05/18/2021,335,45913,4543,40358,1012,278,70,216,51,728129,2934,165,358,1
05/19/2021,402,46314,4550,40748,1016,293,80,231,61,"731,413",3284,170,390,4
05/20/2021,603,46916,4659,41238,1019,291,76,232,56,"735,315",3902,176,490,3
05/21/2021,594,47504,4855,41627,1022,296,79,236,56,"739,361",4046,180,389,3
05/22/2021,476,47977,4984,41965,1028,298,74,241,53,743131,3770,188,338,6
05/23/2021,461,48436,5072,42335,1029,316,74,259,52,746507,3376,207,370,1
05/24/2021,353,48787,5061,42693,1033,318,74,260,55,749515,3008,205,358,4
05/25/2021,259,49046,4945,43066,1035,314,79,253,59,751948,2433,194,373,2
05/26/2021,312,49356,4792,43529,1035,318,74,253,57,754338,2390,196,463,1
05/27/2021,297,49651,4639,43970,1042,324,73,251,51,757719,3381,200,441,8
05/28/2021,497,50144,4676,44426,1042,312,69,238,49,761479,3760,189,456,0
05/29/2021,357,50499,4635,44819,1045,,,,,764440,2961,0,393,3
05/30/2021,292,50790,4569,45169,1052,308,74,233,53,767411,2971,180,350,7
05/31/2021,303,51090,4504,45533,1053,308,71,236,48,770070,2659,188,364,1
06/01/2021,232,51316,4333,45927,1056,305,72,229,51,772477,2407,178,394,3
06/02/2021,267,51580,4267,46251,1062,294,69,217,48,775237,2760,169,324,6
06/03/2021,360,51935,4179,46689,1067,297,68,212,45,778451,3214,167,438,5
06/04/2021,329,52261,4191,46999,1071,293,65,207,42,"781,287",2836,165,310,4
06/05/2021,276,52531,4114,47345,1072,294,63,213,44,783911,2624,169,346,1
06/06/2021,221,52751,4069,47607,1075,309,62,228,43,785905,1994,185,262,3
06/07/2021,169,52919,3962,47880,1077,308,66,223,47,"787,762",1857,176,273,2
06/08/2021,237,53153,3836,48238,1079,300,68,222,51,"789,759",1997,171,358,2
06/09/2021,250,53403,3786,48536,1081,293,67,214,49,792471,2712,165,298,2
06/10/2021,251,53650,3600,48963,1087,286,64,206,48,795068,2597,158,427,6
06/11/2021,223,53872,3490,49293,1089,276,63,197,45,797359,2291,152,330,2
06/12/2021,294,54163,3437,49633,1093,285,56,204,37,"799,662",2303,167,340,4
06/13/2021,194,54357,3305,49952,1100,271,58,193,41,801922,2260,152,319,7
06/14/2021,124,54481,3111,50268,1102,271,60,194,42,803597,1675,152,316,2
06/15/2021,116,54596,2972,50520,1104,266,63,186,46,805146,1549,140,252,2